{
  "iterations": 390,
  "learning_rate": 0.07688697962777573,
  "depth": 7,
  "l2_leaf_reg": 6.996069176347024,
  "bagging_temperature": 0.7002651020022491,
  "random_strength": 0.4685499620730616,
  "border_count": 128
}